Cast Vote Record,Rep. to Congress District 2 1st Choice,Rep. to Congress District 2 2nd Choice,Rep. to Congress District 2 3rd Choice,Rep. to Congress District 2 4th Choice
418,"DEM Golden, Jared F.","Bond, Tiffany L.","Hoar, William R.S.",undervote
428,"DEM Golden, Jared F.","Bond, Tiffany L.","Hoar, William R.S.",undervote
430,"DEM Golden, Jared F.","Hoar, William R.S.",undervote,"Bond, Tiffany L."
2037,"DEM Golden, Jared F.","Hoar, William R.S.","Bond, Tiffany L.","REP Poliquin, Bruce"
4569,"DEM Golden, Jared F.","Hoar, William R.S.","Bond, Tiffany L.","REP Poliquin, Bruce"
7126,"DEM Golden, Jared F.","Bond, Tiffany L.","Hoar, William R.S.",undervote
7128,"REP Poliquin, Bruce",undervote,undervote,undervote
7132,"DEM Golden, Jared F.","REP Poliquin, Bruce","Bond, Tiffany L.","Hoar, William R.S."
7136,"DEM Golden, Jared F.","Bond, Tiffany L.","Hoar, William R.S.","REP Poliquin, Bruce"
7138,"DEM Golden, Jared F.",undervote,undervote,undervote
7140,"DEM Golden, Jared F.","Bond, Tiffany L.",undervote,undervote
7142,"DEM Golden, Jared F.","Hoar, William R.S.","Bond, Tiffany L.",undervote
7146,"DEM Golden, Jared F.",undervote,undervote,undervote
7148,"REP Poliquin, Bruce","Bond, Tiffany L.","Hoar, William R.S.","DEM Golden, Jared F."
7152,"DEM Golden, Jared F.",undervote,undervote,undervote
7154,"DEM Golden, Jared F.","Bond, Tiffany L.","Hoar, William R.S.",undervote
7156,"REP Poliquin, Bruce",undervote,undervote,undervote
7158,"REP Poliquin, Bruce",undervote,undervote,undervote
7160,"DEM Golden, Jared F.",undervote,undervote,undervote
7162,"DEM Golden, Jared F.",undervote,undervote,undervote
7172,"DEM Golden, Jared F.","Hoar, William R.S.","Bond, Tiffany L.",undervote
7178,"Bond, Tiffany L.","Hoar, William R.S.","DEM Golden, Jared F.",undervote
7180,"DEM Golden, Jared F.","Hoar, William R.S.","Bond, Tiffany L.",undervote
7182,"DEM Golden, Jared F.","Bond, Tiffany L.","Hoar, William R.S.",undervote
7186,"REP Poliquin, Bruce",undervote,undervote,undervote
7190,"REP Poliquin, Bruce",undervote,undervote,undervote
7196,"DEM Golden, Jared F.","Bond, Tiffany L.","Hoar, William R.S.",undervote
7198,"DEM Golden, Jared F.","Hoar, William R.S.",undervote,undervote
7200,"DEM Golden, Jared F.",undervote,undervote,undervote
7204,"DEM Golden, Jared F.",undervote,undervote,undervote
7210,"REP Poliquin, Bruce",undervote,undervote,undervote
7212,"DEM Golden, Jared F.","Bond, Tiffany L.","Hoar, William R.S.",undervote
7214,"DEM Golden, Jared F.","Bond, Tiffany L.","Hoar, William R.S.",undervote
7216,"DEM Golden, Jared F.","Bond, Tiffany L.","Hoar, William R.S.",undervote
7222,"DEM Golden, Jared F.","Bond, Tiffany L.",undervote,undervote
7224,"DEM Golden, Jared F.",undervote,undervote,undervote
7230,"DEM Golden, Jared F.","Bond, Tiffany L.",undervote,"Hoar, William R.S."
7234,"DEM Golden, Jared F.","Bond, Tiffany L.","Hoar, William R.S.",undervote
7236,"DEM Golden, Jared F.","Hoar, William R.S.","Bond, Tiffany L.",undervote
7238,"DEM Golden, Jared F.","Hoar, William R.S.","Bond, Tiffany L.",undervote
7240,"DEM Golden, Jared F.","Bond, Tiffany L.",undervote,undervote
7242,"DEM Golden, Jared F.","Bond, Tiffany L.","Hoar, William R.S.",undervote
7244,"DEM Golden, Jared F.",undervote,undervote,undervote
7246,"REP Poliquin, Bruce","Bond, Tiffany L.","Hoar, William R.S.",undervote
7250,"DEM Golden, Jared F.","Bond, Tiffany L.","Hoar, William R.S.",undervote
7254,"DEM Golden, Jared F.",undervote,undervote,undervote
7256,"DEM Golden, Jared F.","Hoar, William R.S.",undervote,undervote
7258,"DEM Golden, Jared F.",undervote,undervote,undervote
7260,"Bond, Tiffany L.","DEM Golden, Jared F.",undervote,undervote
7262,"DEM Golden, Jared F.","Bond, Tiffany L.","Hoar, William R.S.","REP Poliquin, Bruce"
7266,"DEM Golden, Jared F.",undervote,undervote,undervote
7268,"DEM Golden, Jared F.",undervote,undervote,undervote
7270,"DEM Golden, Jared F.",undervote,undervote,undervote
7272,"DEM Golden, Jared F.","Bond, Tiffany L.","Hoar, William R.S.","REP Poliquin, Bruce"
7274,"DEM Golden, Jared F.","Hoar, William R.S.","Bond, Tiffany L.",undervote
7276,"DEM Golden, Jared F.",undervote,undervote,undervote
7278,"DEM Golden, Jared F.","Hoar, William R.S.","Bond, Tiffany L.","REP Poliquin, Bruce"
7280,"DEM Golden, Jared F.",undervote,undervote,undervote
7282,"REP Poliquin, Bruce",undervote,undervote,undervote
7286,"DEM Golden, Jared F.","Bond, Tiffany L.","Hoar, William R.S.","REP Poliquin, Bruce"
7288,"DEM Golden, Jared F.","Bond, Tiffany L.","Hoar, William R.S.","REP Poliquin, Bruce"
7290,"DEM Golden, Jared F.","Bond, Tiffany L.","Hoar, William R.S.","REP Poliquin, Bruce"
7292,"REP Poliquin, Bruce",undervote,undervote,undervote
7294,"DEM Golden, Jared F.","Bond, Tiffany L.",undervote,undervote
7296,"DEM Golden, Jared F.",undervote,undervote,undervote
7300,"DEM Golden, Jared F.",undervote,undervote,undervote
7302,"DEM Golden, Jared F.","Hoar, William R.S.","Bond, Tiffany L.",undervote
7304,"REP Poliquin, Bruce","Hoar, William R.S.","Bond, Tiffany L.",undervote
7306,"REP Poliquin, Bruce",undervote,undervote,undervote
7312,"DEM Golden, Jared F.","Bond, Tiffany L.","Hoar, William R.S.",undervote
7314,"DEM Golden, Jared F.","Bond, Tiffany L.","Hoar, William R.S.",undervote
7316,"DEM Golden, Jared F.",undervote,undervote,undervote
7318,"DEM Golden, Jared F.",undervote,undervote,undervote
7320,"DEM Golden, Jared F.",undervote,undervote,undervote
7322,"DEM Golden, Jared F.","Hoar, William R.S.","Bond, Tiffany L.",undervote
7334,"REP Poliquin, Bruce","Bond, Tiffany L.","DEM Golden, Jared F.","Hoar, William R.S."
7336,"DEM Golden, Jared F.",undervote,undervote,undervote
7338,"DEM Golden, Jared F.",undervote,undervote,undervote
7340,"DEM Golden, Jared F.",undervote,undervote,undervote
7344,"DEM Golden, Jared F.","Bond, Tiffany L.","Hoar, William R.S.",undervote
7348,"DEM Golden, Jared F.","Bond, Tiffany L.","Hoar, William R.S.",undervote
7350,"DEM Golden, Jared F.","Bond, Tiffany L.",undervote,undervote
7352,"DEM Golden, Jared F.",undervote,undervote,undervote
7356,"DEM Golden, Jared F.",undervote,undervote,undervote
7358,"DEM Golden, Jared F.","Bond, Tiffany L.","Hoar, William R.S.",undervote
7360,"DEM Golden, Jared F.","Hoar, William R.S.","Bond, Tiffany L.",undervote
7364,"DEM Golden, Jared F.","Bond, Tiffany L.","Hoar, William R.S.","REP Poliquin, Bruce"
7366,"DEM Golden, Jared F.","Bond, Tiffany L.","Hoar, William R.S.",undervote
7370,"DEM Golden, Jared F.","Bond, Tiffany L.","Hoar, William R.S.",undervote
7372,"DEM Golden, Jared F.",undervote,undervote,undervote
7374,"DEM Golden, Jared F.","Bond, Tiffany L.",undervote,undervote
7376,"DEM Golden, Jared F.","Bond, Tiffany L.","Hoar, William R.S.","REP Poliquin, Bruce"
7388,"DEM Golden, Jared F.","Bond, Tiffany L.","Hoar, William R.S.","REP Poliquin, Bruce"
7390,"DEM Golden, Jared F.","Bond, Tiffany L.","Hoar, William R.S.",undervote
7392,"REP Poliquin, Bruce","Hoar, William R.S.","DEM Golden, Jared F.","Bond, Tiffany L."
7396,"DEM Golden, Jared F.","Bond, Tiffany L.","Hoar, William R.S.",undervote
7400,"DEM Golden, Jared F.",undervote,undervote,undervote
7404,"DEM Golden, Jared F.",undervote,undervote,undervote
7410,"DEM Golden, Jared F.","Bond, Tiffany L.","Hoar, William R.S.",undervote
7412,"DEM Golden, Jared F.","Bond, Tiffany L.","Hoar, William R.S.","REP Poliquin, Bruce"
7414,"REP Poliquin, Bruce",undervote,undervote,undervote
7418,"REP Poliquin, Bruce",undervote,undervote,undervote
7420,"DEM Golden, Jared F.","Bond, Tiffany L.","Hoar, William R.S.",undervote
7422,"DEM Golden, Jared F.","Bond, Tiffany L.","Hoar, William R.S.","REP Poliquin, Bruce"
7426,"DEM Golden, Jared F.","Bond, Tiffany L.",undervote,undervote
7428,"DEM Golden, Jared F.",undervote,undervote,undervote
7430,"Hoar, William R.S.",undervote,undervote,undervote
7432,"DEM Golden, Jared F.","Bond, Tiffany L.","Hoar, William R.S.",undervote
7434,"DEM Golden, Jared F.",undervote,undervote,undervote
7436,"DEM Golden, Jared F.",undervote,undervote,undervote
7438,"DEM Golden, Jared F.","Bond, Tiffany L.","Hoar, William R.S.",undervote
7440,"DEM Golden, Jared F.","Bond, Tiffany L.","Hoar, William R.S.",undervote
7442,"DEM Golden, Jared F.","Bond, Tiffany L.","Hoar, William R.S.",undervote
7444,"DEM Golden, Jared F.","Bond, Tiffany L.","Hoar, William R.S.",undervote
7446,"DEM Golden, Jared F.",undervote,undervote,undervote
7448,"DEM Golden, Jared F.",undervote,undervote,undervote
7450,"DEM Golden, Jared F.",undervote,undervote,undervote
7452,"DEM Golden, Jared F.","Bond, Tiffany L.","Hoar, William R.S.",undervote
7454,"DEM Golden, Jared F.","Bond, Tiffany L.","Hoar, William R.S.","REP Poliquin, Bruce"
7456,"DEM Golden, Jared F.",undervote,undervote,undervote
7458,"DEM Golden, Jared F.","Hoar, William R.S.","Bond, Tiffany L.",undervote
7462,"DEM Golden, Jared F.",undervote,undervote,undervote
7468,"REP Poliquin, Bruce","Hoar, William R.S.","Bond, Tiffany L.","DEM Golden, Jared F."
7472,"DEM Golden, Jared F.",undervote,undervote,undervote
7474,"DEM Golden, Jared F.",undervote,undervote,undervote
7476,"REP Poliquin, Bruce",undervote,undervote,undervote
7478,"DEM Golden, Jared F.",undervote,undervote,undervote
7482,"DEM Golden, Jared F.","Hoar, William R.S.","Bond, Tiffany L.",undervote
7484,"DEM Golden, Jared F.","Bond, Tiffany L.","Hoar, William R.S.",undervote
7486,"DEM Golden, Jared F.",undervote,undervote,undervote
7488,"DEM Golden, Jared F.","Hoar, William R.S.","Bond, Tiffany L.","REP Poliquin, Bruce"
7490,"DEM Golden, Jared F.","Bond, Tiffany L.","Hoar, William R.S.",undervote
7492,"DEM Golden, Jared F.",undervote,undervote,undervote
7494,"REP Poliquin, Bruce","Bond, Tiffany L.",undervote,undervote
7496,"REP Poliquin, Bruce","Hoar, William R.S.","Bond, Tiffany L.","DEM Golden, Jared F."
7498,"Bond, Tiffany L.","DEM Golden, Jared F.","Hoar, William R.S.",undervote
7500,"DEM Golden, Jared F.",undervote,undervote,undervote
7502,"REP Poliquin, Bruce","DEM Golden, Jared F.","Bond, Tiffany L.","Hoar, William R.S."
7504,"DEM Golden, Jared F.",undervote,undervote,undervote
7506,"DEM Golden, Jared F.","Bond, Tiffany L.","Hoar, William R.S.",undervote
7508,"DEM Golden, Jared F.","Bond, Tiffany L.",undervote,undervote
7510,"DEM Golden, Jared F.",undervote,undervote,undervote
7512,"DEM Golden, Jared F.","REP Poliquin, Bruce","Hoar, William R.S.","Bond, Tiffany L."
7514,"DEM Golden, Jared F.","Bond, Tiffany L.","Hoar, William R.S.",undervote
7516,"Bond, Tiffany L.","Hoar, William R.S.","DEM Golden, Jared F.",undervote
7520,"DEM Golden, Jared F.",undervote,undervote,undervote
7522,"DEM Golden, Jared F.","Hoar, William R.S.",undervote,undervote
7524,"DEM Golden, Jared F.",undervote,undervote,undervote
7526,"DEM Golden, Jared F.","Hoar, William R.S.","Bond, Tiffany L.",undervote
7528,"REP Poliquin, Bruce",undervote,undervote,undervote
7530,"REP Poliquin, Bruce","Hoar, William R.S.","Bond, Tiffany L.","DEM Golden, Jared F."
7532,"DEM Golden, Jared F.","Bond, Tiffany L.","Hoar, William R.S.","REP Poliquin, Bruce"
7536,"DEM Golden, Jared F.",undervote,undervote,undervote
7538,"DEM Golden, Jared F.",undervote,undervote,undervote
7540,"DEM Golden, Jared F.","REP Poliquin, Bruce",undervote,undervote
7542,"REP Poliquin, Bruce",undervote,undervote,undervote
7544,"DEM Golden, Jared F.","Hoar, William R.S.","Bond, Tiffany L.",undervote
7546,"DEM Golden, Jared F.","Bond, Tiffany L.",undervote,undervote
7548,"DEM Golden, Jared F.","Bond, Tiffany L.","Hoar, William R.S.",undervote
7550,"REP Poliquin, Bruce",undervote,undervote,undervote
7552,"DEM Golden, Jared F.","Bond, Tiffany L.","Hoar, William R.S.",undervote
7554,"DEM Golden, Jared F.","Bond, Tiffany L.","Hoar, William R.S.","REP Poliquin, Bruce"
7556,"DEM Golden, Jared F.",undervote,undervote,undervote
7558,"DEM Golden, Jared F.",undervote,undervote,undervote
7562,"DEM Golden, Jared F.","Bond, Tiffany L.","Hoar, William R.S.",undervote
7564,"DEM Golden, Jared F.",undervote,undervote,undervote
7568,"DEM Golden, Jared F.","Bond, Tiffany L.",undervote,undervote
7570,"Hoar, William R.S.","Bond, Tiffany L.",undervote,undervote
7572,"DEM Golden, Jared F.",undervote,undervote,undervote
7574,"DEM Golden, Jared F.","Hoar, William R.S.",undervote,undervote
7580,"DEM Golden, Jared F.",undervote,undervote,undervote
7582,"DEM Golden, Jared F.",undervote,undervote,undervote
7588,"DEM Golden, Jared F.","Bond, Tiffany L.",undervote,undervote
7590,"DEM Golden, Jared F.","Hoar, William R.S.","Bond, Tiffany L.","REP Poliquin, Bruce"
7592,"DEM Golden, Jared F.",undervote,undervote,undervote
7594,"DEM Golden, Jared F.","Bond, Tiffany L.",undervote,undervote
7598,"REP Poliquin, Bruce","Hoar, William R.S.","Bond, Tiffany L.","DEM Golden, Jared F."
7600,"DEM Golden, Jared F.",undervote,undervote,undervote
7602,"REP Poliquin, Bruce",undervote,undervote,undervote
7606,"REP Poliquin, Bruce",undervote,undervote,undervote
7608,"DEM Golden, Jared F.","Hoar, William R.S.","Bond, Tiffany L.","REP Poliquin, Bruce"
7612,"DEM Golden, Jared F.","Hoar, William R.S.","Bond, Tiffany L.",undervote
7618,"DEM Golden, Jared F.","Bond, Tiffany L.","Hoar, William R.S.",undervote
7622,"DEM Golden, Jared F.","Bond, Tiffany L.","Hoar, William R.S.",undervote
7624,"DEM Golden, Jared F.","Bond, Tiffany L.","Hoar, William R.S.",undervote
7626,"DEM Golden, Jared F.","Bond, Tiffany L.","Hoar, William R.S.",undervote
7628,"DEM Golden, Jared F.","Bond, Tiffany L.",undervote,undervote
7630,"DEM Golden, Jared F.","Hoar, William R.S.","Bond, Tiffany L.",undervote
7632,"DEM Golden, Jared F.","Bond, Tiffany L.","Hoar, William R.S.",undervote
7636,"DEM Golden, Jared F.","Hoar, William R.S.","Bond, Tiffany L.","REP Poliquin, Bruce"
7638,"REP Poliquin, Bruce",undervote,undervote,undervote
7642,"REP Poliquin, Bruce",undervote,undervote,undervote
7644,"REP Poliquin, Bruce","Hoar, William R.S.","Bond, Tiffany L.","DEM Golden, Jared F."
7652,"REP Poliquin, Bruce","Bond, Tiffany L.","Hoar, William R.S.","DEM Golden, Jared F."
7654,"REP Poliquin, Bruce",undervote,"Bond, Tiffany L.","Hoar, William R.S."
7656,"REP Poliquin, Bruce",undervote,undervote,undervote
7660,"DEM Golden, Jared F.","Hoar, William R.S.","Bond, Tiffany L.",undervote
7662,"DEM Golden, Jared F.",undervote,undervote,undervote
7666,"Hoar, William R.S.",undervote,undervote,undervote
7668,"DEM Golden, Jared F.","Bond, Tiffany L.","Hoar, William R.S.",undervote
7670,"DEM Golden, Jared F.","Bond, Tiffany L.","Hoar, William R.S.",undervote
7672,"DEM Golden, Jared F.",undervote,undervote,undervote
7674,"Bond, Tiffany L.","DEM Golden, Jared F.","Hoar, William R.S.","REP Poliquin, Bruce"
7680,"Bond, Tiffany L.","DEM Golden, Jared F.",undervote,undervote
7684,"Bond, Tiffany L.","DEM Golden, Jared F.","Hoar, William R.S.",undervote
7690,"DEM Golden, Jared F.","Hoar, William R.S.","Bond, Tiffany L.",undervote
7692,"DEM Golden, Jared F.","Hoar, William R.S.","Bond, Tiffany L.",undervote
7698,"Bond, Tiffany L.","DEM Golden, Jared F.","Hoar, William R.S.","REP Poliquin, Bruce"
7700,"REP Poliquin, Bruce","Bond, Tiffany L.","Hoar, William R.S.",undervote
7702,"DEM Golden, Jared F.","Bond, Tiffany L.","Hoar, William R.S.",undervote
7704,"REP Poliquin, Bruce","Hoar, William R.S.","Bond, Tiffany L.","DEM Golden, Jared F."
7710,"DEM Golden, Jared F.",undervote,undervote,undervote
7712,"DEM Golden, Jared F.","Hoar, William R.S.","Bond, Tiffany L.",undervote
7716,"Bond, Tiffany L.",undervote,undervote,undervote
7720,"REP Poliquin, Bruce","Bond, Tiffany L.","Hoar, William R.S.","DEM Golden, Jared F."
7724,"DEM Golden, Jared F.","Bond, Tiffany L.","Hoar, William R.S.",undervote
7726,"Bond, Tiffany L.","DEM Golden, Jared F.",undervote,undervote
7728,"DEM Golden, Jared F.",undervote,undervote,undervote
7734,"DEM Golden, Jared F.",undervote,undervote,undervote
7736,"DEM Golden, Jared F.","Bond, Tiffany L.","Hoar, William R.S.",undervote
7738,"DEM Golden, Jared F.","Hoar, William R.S.","Bond, Tiffany L.",undervote
7740,"DEM Golden, Jared F.","Bond, Tiffany L.","Hoar, William R.S.",undervote
7744,"Bond, Tiffany L.","DEM Golden, Jared F.",undervote,undervote
7746,"REP Poliquin, Bruce",undervote,undervote,undervote
7752,"DEM Golden, Jared F.","Bond, Tiffany L.","Hoar, William R.S.",undervote
7754,"DEM Golden, Jared F.",undervote,undervote,undervote
7756,"DEM Golden, Jared F.","Bond, Tiffany L.","Hoar, William R.S.",undervote
7760,"DEM Golden, Jared F.","Bond, Tiffany L.","Hoar, William R.S.",undervote
7762,"REP Poliquin, Bruce",undervote,undervote,undervote
7764,"DEM Golden, Jared F.","Bond, Tiffany L.",undervote,undervote
7766,"REP Poliquin, Bruce",undervote,undervote,undervote
7770,"DEM Golden, Jared F.","Bond, Tiffany L.","Hoar, William R.S.",undervote
7772,"DEM Golden, Jared F.",undervote,undervote,undervote
7774,"DEM Golden, Jared F.",undervote,undervote,undervote
7776,"REP Poliquin, Bruce",undervote,undervote,undervote
7778,"DEM Golden, Jared F.",undervote,undervote,undervote
7780,"DEM Golden, Jared F.",undervote,undervote,undervote
7782,"DEM Golden, Jared F.",undervote,undervote,undervote
7784,"DEM Golden, Jared F.","Bond, Tiffany L.","Hoar, William R.S.","REP Poliquin, Bruce"
7786,"Hoar, William R.S.",undervote,undervote,undervote
7788,"DEM Golden, Jared F.",undervote,undervote,undervote
7790,"DEM Golden, Jared F.",undervote,undervote,undervote
7792,undervote,"REP Poliquin, Bruce",undervote,undervote
7794,"REP Poliquin, Bruce",undervote,undervote,undervote
7796,"REP Poliquin, Bruce",undervote,undervote,undervote
7798,"DEM Golden, Jared F.",undervote,undervote,undervote
7800,"DEM Golden, Jared F.",undervote,undervote,undervote
7802,"DEM Golden, Jared F.",undervote,undervote,undervote
7804,"DEM Golden, Jared F.","Bond, Tiffany L.",undervote,undervote
7806,"REP Poliquin, Bruce","Bond, Tiffany L.",undervote,undervote
7808,"REP Poliquin, Bruce","Bond, Tiffany L.","Hoar, William R.S.","DEM Golden, Jared F."
7810,"DEM Golden, Jared F.",undervote,undervote,undervote
7816,"DEM Golden, Jared F.","Bond, Tiffany L.","Hoar, William R.S.",undervote
7818,"DEM Golden, Jared F.","Bond, Tiffany L.","Hoar, William R.S.","REP Poliquin, Bruce"
7820,"DEM Golden, Jared F.","Bond, Tiffany L.","Hoar, William R.S.",undervote
7822,"DEM Golden, Jared F.","Bond, Tiffany L.","Hoar, William R.S.","REP Poliquin, Bruce"
7824,"DEM Golden, Jared F.","Bond, Tiffany L.","Hoar, William R.S.","REP Poliquin, Bruce"
7826,"REP Poliquin, Bruce",undervote,undervote,undervote
7828,"DEM Golden, Jared F.","Hoar, William R.S.",undervote,undervote
7830,"REP Poliquin, Bruce",undervote,undervote,undervote
7832,"REP Poliquin, Bruce",undervote,undervote,undervote
7834,"DEM Golden, Jared F.","Bond, Tiffany L.","Hoar, William R.S.",undervote
7836,"DEM Golden, Jared F.","Bond, Tiffany L.","Hoar, William R.S.",undervote
7838,"DEM Golden, Jared F.","Bond, Tiffany L.",undervote,undervote
7842,"DEM Golden, Jared F.","Bond, Tiffany L.","Hoar, William R.S.",undervote
7844,"REP Poliquin, Bruce",undervote,undervote,undervote
7848,"REP Poliquin, Bruce",undervote,undervote,undervote
7850,"DEM Golden, Jared F.",undervote,undervote,undervote
7852,"DEM Golden, Jared F.","Bond, Tiffany L.",undervote,undervote
7854,"DEM Golden, Jared F.",undervote,undervote,undervote
7856,"Bond, Tiffany L.","Hoar, William R.S.","REP Poliquin, Bruce","DEM Golden, Jared F."
7858,"REP Poliquin, Bruce",undervote,undervote,undervote
7860,"DEM Golden, Jared F.","Hoar, William R.S.","Bond, Tiffany L.","REP Poliquin, Bruce"
7862,"DEM Golden, Jared F.",undervote,undervote,undervote
7864,"DEM Golden, Jared F.","Hoar, William R.S.","Bond, Tiffany L.",undervote
7866,"DEM Golden, Jared F.","Bond, Tiffany L.","Hoar, William R.S.",undervote
7868,"Bond, Tiffany L.","DEM Golden, Jared F.","Hoar, William R.S.",undervote
7870,"Bond, Tiffany L.","Hoar, William R.S.","DEM Golden, Jared F.",undervote
7876,"REP Poliquin, Bruce",undervote,undervote,undervote
7878,"DEM Golden, Jared F.","Bond, Tiffany L.",undervote,undervote
7880,"DEM Golden, Jared F.",undervote,undervote,undervote
7882,"DEM Golden, Jared F.","Hoar, William R.S.",undervote,undervote
7884,"DEM Golden, Jared F.","Bond, Tiffany L.",undervote,undervote
7886,"DEM Golden, Jared F.","Bond, Tiffany L.",undervote,undervote
7888,"DEM Golden, Jared F.","Hoar, William R.S.",undervote,undervote
7890,"Hoar, William R.S.","Bond, Tiffany L.","DEM Golden, Jared F.",undervote
7892,"REP Poliquin, Bruce","DEM Golden, Jared F.","Hoar, William R.S.","Bond, Tiffany L."
7894,"REP Poliquin, Bruce","Bond, Tiffany L.",undervote,undervote
7895,"REP Poliquin, Bruce",undervote,undervote,undervote
7897,"DEM Golden, Jared F.","Bond, Tiffany L.",undervote,undervote
7899,"DEM Golden, Jared F.","Hoar, William R.S.","Bond, Tiffany L.","REP Poliquin, Bruce"
7902,"DEM Golden, Jared F.",undervote,undervote,undervote
7904,"DEM Golden, Jared F.",undervote,undervote,undervote
7906,"DEM Golden, Jared F.","Hoar, William R.S.","Bond, Tiffany L.","REP Poliquin, Bruce"
7908,"DEM Golden, Jared F.","Bond, Tiffany L.",undervote,undervote
7910,"DEM Golden, Jared F.","Bond, Tiffany L.","Hoar, William R.S.",undervote
7914,"REP Poliquin, Bruce",undervote,undervote,undervote
7916,"REP Poliquin, Bruce","Hoar, William R.S.",undervote,undervote
7918,"DEM Golden, Jared F.","Bond, Tiffany L.",undervote,undervote
7920,"REP Poliquin, Bruce",undervote,undervote,undervote
7922,"Hoar, William R.S.","DEM Golden, Jared F.","Bond, Tiffany L.",undervote
7926,"DEM Golden, Jared F.","Bond, Tiffany L.","Hoar, William R.S.","REP Poliquin, Bruce"
7928,"DEM Golden, Jared F.","Bond, Tiffany L.","Hoar, William R.S.",undervote
7930,"DEM Golden, Jared F.",undervote,undervote,undervote
7932,"DEM Golden, Jared F.",undervote,undervote,undervote
7940,"DEM Golden, Jared F.","Bond, Tiffany L.","Hoar, William R.S.",undervote
7942,"REP Poliquin, Bruce",undervote,undervote,undervote
7944,"DEM Golden, Jared F.","Hoar, William R.S.","Bond, Tiffany L.","REP Poliquin, Bruce"
7946,"DEM Golden, Jared F.","Hoar, William R.S.",undervote,undervote
7948,"DEM Golden, Jared F.",undervote,undervote,undervote
7952,"DEM Golden, Jared F.","Bond, Tiffany L.","Hoar, William R.S.",undervote
7954,"DEM Golden, Jared F.","Bond, Tiffany L.","Hoar, William R.S.",undervote
7956,"DEM Golden, Jared F.","Bond, Tiffany L.","Hoar, William R.S.",undervote
7958,"DEM Golden, Jared F.","Bond, Tiffany L.",undervote,undervote
7960,"DEM Golden, Jared F.","Hoar, William R.S.","Bond, Tiffany L.",undervote
7962,"DEM Golden, Jared F.","Bond, Tiffany L.","Hoar, William R.S.","REP Poliquin, Bruce"
7964,"DEM Golden, Jared F.",undervote,undervote,undervote
7966,"Bond, Tiffany L.","DEM Golden, Jared F.","Hoar, William R.S.","REP Poliquin, Bruce"
7968,"DEM Golden, Jared F.",undervote,undervote,undervote
7970,"DEM Golden, Jared F.","Bond, Tiffany L.","Hoar, William R.S.",undervote
7972,"DEM Golden, Jared F.","Bond, Tiffany L.","Hoar, William R.S.","REP Poliquin, Bruce"
7974,"DEM Golden, Jared F.","Hoar, William R.S.","Bond, Tiffany L.",undervote
7976,"DEM Golden, Jared F.",undervote,undervote,undervote
7978,"DEM Golden, Jared F.",undervote,undervote,undervote
7980,"REP Poliquin, Bruce","Hoar, William R.S.","Bond, Tiffany L.",undervote
7982,"DEM Golden, Jared F.",undervote,undervote,undervote
7984,"DEM Golden, Jared F.","Bond, Tiffany L.","Hoar, William R.S.",undervote
7990,"DEM Golden, Jared F.","REP Poliquin, Bruce",undervote,undervote
7992,"REP Poliquin, Bruce","Bond, Tiffany L.",undervote,undervote
7994,"REP Poliquin, Bruce",undervote,undervote,undervote
7996,"DEM Golden, Jared F.",undervote,undervote,undervote
7998,"DEM Golden, Jared F.","Bond, Tiffany L.","Hoar, William R.S.",undervote
8000,"DEM Golden, Jared F.","Bond, Tiffany L.","Hoar, William R.S.","REP Poliquin, Bruce"
8002,"REP Poliquin, Bruce",undervote,undervote,undervote
8004,"DEM Golden, Jared F.","Hoar, William R.S.","Bond, Tiffany L.",undervote
8006,"DEM Golden, Jared F.","Hoar, William R.S.",undervote,undervote
8008,"REP Poliquin, Bruce",undervote,undervote,undervote
8010,"DEM Golden, Jared F.",undervote,undervote,undervote
8012,"DEM Golden, Jared F.",undervote,undervote,undervote
8014,"DEM Golden, Jared F.","Bond, Tiffany L.","Hoar, William R.S.",undervote
8016,"DEM Golden, Jared F.",undervote,undervote,undervote
8020,"DEM Golden, Jared F.","Hoar, William R.S.","Bond, Tiffany L.",undervote
8022,"REP Poliquin, Bruce",undervote,undervote,undervote
8024,"DEM Golden, Jared F.","Bond, Tiffany L.","Hoar, William R.S.",undervote
8026,"DEM Golden, Jared F.",undervote,undervote,undervote
8028,"DEM Golden, Jared F.","Hoar, William R.S.","Bond, Tiffany L.",undervote
8030,"REP Poliquin, Bruce",undervote,undervote,undervote
8032,"REP Poliquin, Bruce",undervote,undervote,undervote
8034,"REP Poliquin, Bruce","Bond, Tiffany L.","Hoar, William R.S.","DEM Golden, Jared F."
8036,"Hoar, William R.S.","DEM Golden, Jared F.","Bond, Tiffany L.",undervote
8038,"DEM Golden, Jared F.","Bond, Tiffany L.","Hoar, William R.S.",undervote
8042,"DEM Golden, Jared F.","Bond, Tiffany L.","Hoar, William R.S.",undervote
8044,"DEM Golden, Jared F.","Bond, Tiffany L.","Hoar, William R.S.",undervote
8050,"REP Poliquin, Bruce",undervote,undervote,undervote
8052,"DEM Golden, Jared F.",undervote,undervote,undervote
8054,"DEM Golden, Jared F.","Bond, Tiffany L.","Hoar, William R.S.",undervote
8056,"Bond, Tiffany L.","Hoar, William R.S.","DEM Golden, Jared F.","REP Poliquin, Bruce"
8062,"Bond, Tiffany L.","DEM Golden, Jared F.","REP Poliquin, Bruce",undervote
8064,"DEM Golden, Jared F.","Hoar, William R.S.","Bond, Tiffany L.",undervote
8068,"Bond, Tiffany L.","Hoar, William R.S.",undervote,undervote
8070,"Hoar, William R.S.","Bond, Tiffany L.",undervote,undervote
8072,"DEM Golden, Jared F.",undervote,undervote,undervote
8074,"DEM Golden, Jared F.",undervote,undervote,undervote
8076,"DEM Golden, Jared F.","Hoar, William R.S.","Bond, Tiffany L.",undervote
8078,"DEM Golden, Jared F.","Bond, Tiffany L.","Hoar, William R.S.",undervote
8080,"DEM Golden, Jared F.",undervote,undervote,undervote
8082,"DEM Golden, Jared F.","Bond, Tiffany L.","Hoar, William R.S.",undervote
8084,"DEM Golden, Jared F.","Hoar, William R.S.","Bond, Tiffany L.",undervote
8086,"DEM Golden, Jared F.",undervote,undervote,undervote
8088,"Bond, Tiffany L.","DEM Golden, Jared F.",undervote,undervote
8090,"REP Poliquin, Bruce",undervote,undervote,undervote
8092,"DEM Golden, Jared F.","Bond, Tiffany L.",undervote,undervote
8094,"DEM Golden, Jared F.",undervote,undervote,undervote
8096,"DEM Golden, Jared F.",undervote,undervote,undervote
8098,"REP Poliquin, Bruce","Bond, Tiffany L.",undervote,undervote
8102,"DEM Golden, Jared F.",undervote,undervote,undervote
8104,"REP Poliquin, Bruce","Hoar, William R.S.","Bond, Tiffany L.","DEM Golden, Jared F."
8106,"DEM Golden, Jared F.","Bond, Tiffany L.","Hoar, William R.S.","REP Poliquin, Bruce"
8108,"REP Poliquin, Bruce",undervote,undervote,undervote
8110,"REP Poliquin, Bruce",undervote,undervote,undervote
8112,"REP Poliquin, Bruce","DEM Golden, Jared F.","Bond, Tiffany L.","Hoar, William R.S."
8114,"DEM Golden, Jared F.","Bond, Tiffany L.","Hoar, William R.S.",undervote
8118,"DEM Golden, Jared F.","Hoar, William R.S.","Bond, Tiffany L.",undervote
8126,"DEM Golden, Jared F.","Bond, Tiffany L.",undervote,undervote
8128,"DEM Golden, Jared F.","Bond, Tiffany L.",undervote,undervote
8130,"DEM Golden, Jared F.","Hoar, William R.S.","Bond, Tiffany L.",undervote
8132,"DEM Golden, Jared F.","Bond, Tiffany L.","Hoar, William R.S.",undervote
8140,"DEM Golden, Jared F.","Bond, Tiffany L.",undervote,undervote
8142,"REP Poliquin, Bruce","DEM Golden, Jared F.","Bond, Tiffany L.","Hoar, William R.S."
8148,"DEM Golden, Jared F.",undervote,undervote,undervote
8150,"DEM Golden, Jared F.",undervote,undervote,undervote
8152,"REP Poliquin, Bruce",undervote,undervote,undervote
8154,"DEM Golden, Jared F.","Bond, Tiffany L.","Hoar, William R.S.",undervote
8156,"DEM Golden, Jared F.","Bond, Tiffany L.","Hoar, William R.S.",undervote
8158,"DEM Golden, Jared F.","Bond, Tiffany L.",undervote,undervote
8160,"DEM Golden, Jared F.","Bond, Tiffany L.","Hoar, William R.S.",undervote
8162,"DEM Golden, Jared F.",undervote,undervote,undervote
8164,"DEM Golden, Jared F.","Bond, Tiffany L.",undervote,undervote
8166,"DEM Golden, Jared F.","Bond, Tiffany L.",undervote,undervote
8170,"DEM Golden, Jared F.","Bond, Tiffany L.","Hoar, William R.S.","REP Poliquin, Bruce"
8174,"DEM Golden, Jared F.","Hoar, William R.S.","Bond, Tiffany L.",undervote
8178,"DEM Golden, Jared F.",undervote,undervote,undervote
8182,"DEM Golden, Jared F.","Bond, Tiffany L.","Hoar, William R.S.",undervote
8184,"DEM Golden, Jared F.","Bond, Tiffany L.","Hoar, William R.S.",undervote
8186,"DEM Golden, Jared F.","Bond, Tiffany L.","Hoar, William R.S.",undervote
8188,"REP Poliquin, Bruce",undervote,"Hoar, William R.S.","Bond, Tiffany L."
8192,"REP Poliquin, Bruce","Hoar, William R.S.","Bond, Tiffany L.","DEM Golden, Jared F."
8194,"REP Poliquin, Bruce",undervote,undervote,undervote
8198,"DEM Golden, Jared F.",undervote,undervote,undervote
8200,"DEM Golden, Jared F.","Hoar, William R.S.","Bond, Tiffany L.",undervote
8204,"Hoar, William R.S.","DEM Golden, Jared F.","Bond, Tiffany L.","REP Poliquin, Bruce"
8208,"DEM Golden, Jared F.","Bond, Tiffany L.","Hoar, William R.S.",undervote
8210,"DEM Golden, Jared F.","Bond, Tiffany L.",undervote,undervote
8212,"Bond, Tiffany L.","DEM Golden, Jared F.","Hoar, William R.S.",undervote
8214,"Hoar, William R.S.","DEM Golden, Jared F.","Bond, Tiffany L.",undervote
8216,"DEM Golden, Jared F.","Bond, Tiffany L.","Hoar, William R.S.",undervote
8218,"DEM Golden, Jared F.","Bond, Tiffany L.",undervote,undervote
8220,"DEM Golden, Jared F.","Bond, Tiffany L.","Hoar, William R.S.",undervote
8222,"DEM Golden, Jared F.","Bond, Tiffany L.","Hoar, William R.S.","REP Poliquin, Bruce"
8224,"DEM Golden, Jared F.","Bond, Tiffany L.","Hoar, William R.S.",undervote
8226,"DEM Golden, Jared F.",undervote,undervote,undervote
8228,"DEM Golden, Jared F.","Bond, Tiffany L.","Hoar, William R.S.",undervote
8230,"DEM Golden, Jared F.","Hoar, William R.S.",undervote,undervote
8232,"DEM Golden, Jared F.","Hoar, William R.S.",undervote,undervote
8234,"DEM Golden, Jared F.","Hoar, William R.S.","Bond, Tiffany L.","REP Poliquin, Bruce"
8236,"REP Poliquin, Bruce","Hoar, William R.S.","Bond, Tiffany L.",undervote
8238,"Bond, Tiffany L.","Hoar, William R.S.","DEM Golden, Jared F.","REP Poliquin, Bruce"
8242,"DEM Golden, Jared F.","Hoar, William R.S.","Bond, Tiffany L.",undervote
8244,"DEM Golden, Jared F.",undervote,undervote,undervote
8246,"DEM Golden, Jared F.","Hoar, William R.S.","Bond, Tiffany L.",undervote
8248,"DEM Golden, Jared F.","Bond, Tiffany L.","Hoar, William R.S.","REP Poliquin, Bruce"
8256,"DEM Golden, Jared F.","Bond, Tiffany L.","Hoar, William R.S.","REP Poliquin, Bruce"
8258,"DEM Golden, Jared F.","Bond, Tiffany L.","Hoar, William R.S.",undervote
8260,"DEM Golden, Jared F.","Bond, Tiffany L.","Hoar, William R.S.",undervote
8262,"DEM Golden, Jared F.","REP Poliquin, Bruce","Bond, Tiffany L.","Hoar, William R.S."
8266,"DEM Golden, Jared F.","Hoar, William R.S.","Bond, Tiffany L.",undervote
8268,"DEM Golden, Jared F.",undervote,undervote,undervote
8272,"REP Poliquin, Bruce",undervote,undervote,undervote
8276,"Hoar, William R.S.","Bond, Tiffany L.","DEM Golden, Jared F.",undervote
8280,"REP Poliquin, Bruce",undervote,undervote,undervote
8282,"DEM Golden, Jared F.","Hoar, William R.S.","Bond, Tiffany L.",undervote
8284,"DEM Golden, Jared F.","Bond, Tiffany L.",undervote,undervote
8286,"DEM Golden, Jared F.","Bond, Tiffany L.",undervote,undervote
8288,"DEM Golden, Jared F.",undervote,undervote,undervote
8292,"DEM Golden, Jared F.","Hoar, William R.S.","Bond, Tiffany L.",undervote
8296,"DEM Golden, Jared F.","Bond, Tiffany L.","Hoar, William R.S.","REP Poliquin, Bruce"
8298,"REP Poliquin, Bruce",undervote,undervote,undervote
8300,"DEM Golden, Jared F.","Bond, Tiffany L.","Hoar, William R.S.","REP Poliquin, Bruce"
8302,"DEM Golden, Jared F.","Bond, Tiffany L.","REP Poliquin, Bruce","Hoar, William R.S."
8304,"DEM Golden, Jared F.","Hoar, William R.S.","Bond, Tiffany L.","REP Poliquin, Bruce"
8306,"DEM Golden, Jared F.",undervote,undervote,undervote
8308,"DEM Golden, Jared F.","Bond, Tiffany L.",undervote,undervote
8310,"REP Poliquin, Bruce",undervote,undervote,undervote
8312,"DEM Golden, Jared F.","Bond, Tiffany L.","Hoar, William R.S.",undervote
8314,"REP Poliquin, Bruce",undervote,undervote,undervote
8316,"DEM Golden, Jared F.","Hoar, William R.S.","Bond, Tiffany L.",undervote
8318,"DEM Golden, Jared F.","Bond, Tiffany L.","Hoar, William R.S.","REP Poliquin, Bruce"
8326,"DEM Golden, Jared F.","Bond, Tiffany L.","Hoar, William R.S.","REP Poliquin, Bruce"
8328,"DEM Golden, Jared F.","Bond, Tiffany L.","Hoar, William R.S.",undervote
8330,"REP Poliquin, Bruce","Hoar, William R.S.","Bond, Tiffany L.",undervote
8332,"DEM Golden, Jared F.","Bond, Tiffany L.","Hoar, William R.S.","REP Poliquin, Bruce"
8342,"DEM Golden, Jared F.","Bond, Tiffany L.","Hoar, William R.S.",undervote
8348,"DEM Golden, Jared F.","Bond, Tiffany L.","Hoar, William R.S.","REP Poliquin, Bruce"
8350,"DEM Golden, Jared F.","Bond, Tiffany L.",undervote,undervote
8354,"DEM Golden, Jared F.","Bond, Tiffany L.","Hoar, William R.S.","REP Poliquin, Bruce"
8356,"DEM Golden, Jared F.","Hoar, William R.S.",undervote,undervote
8358,"DEM Golden, Jared F.","Bond, Tiffany L.",undervote,undervote
8364,"DEM Golden, Jared F.",undervote,undervote,undervote
8366,"DEM Golden, Jared F.",undervote,undervote,undervote
8368,"DEM Golden, Jared F.","Bond, Tiffany L.","Hoar, William R.S.","REP Poliquin, Bruce"
8370,"DEM Golden, Jared F.","Bond, Tiffany L.","Hoar, William R.S.",undervote
8374,"DEM Golden, Jared F.","Bond, Tiffany L.","Hoar, William R.S.",undervote
8378,"DEM Golden, Jared F.","Hoar, William R.S.","Bond, Tiffany L.","REP Poliquin, Bruce"
8380,"REP Poliquin, Bruce","DEM Golden, Jared F.","Hoar, William R.S.","Bond, Tiffany L."
8382,"DEM Golden, Jared F.",undervote,undervote,undervote
8388,"DEM Golden, Jared F.","Bond, Tiffany L.","Hoar, William R.S.",undervote
8390,"DEM Golden, Jared F.","Bond, Tiffany L.","Hoar, William R.S.",undervote
8400,"DEM Golden, Jared F.",undervote,undervote,undervote
8402,"DEM Golden, Jared F.",undervote,undervote,undervote
8404,"DEM Golden, Jared F.",undervote,undervote,undervote
8406,"DEM Golden, Jared F.",undervote,undervote,undervote
8408,"DEM Golden, Jared F.",undervote,undervote,undervote
8410,"DEM Golden, Jared F.",undervote,undervote,undervote
8412,"DEM Golden, Jared F.",undervote,undervote,undervote
8414,"DEM Golden, Jared F.",undervote,undervote,undervote
8420,"DEM Golden, Jared F.",undervote,undervote,undervote
8422,"REP Poliquin, Bruce","Bond, Tiffany L.",undervote,undervote
8424,"DEM Golden, Jared F.","Bond, Tiffany L.",undervote,"Hoar, William R.S."
8426,"REP Poliquin, Bruce","Hoar, William R.S.","DEM Golden, Jared F.","Bond, Tiffany L."
8428,"DEM Golden, Jared F.","Bond, Tiffany L.","Hoar, William R.S.","REP Poliquin, Bruce"
8430,"DEM Golden, Jared F.","Bond, Tiffany L.","Hoar, William R.S.","REP Poliquin, Bruce"
8432,"DEM Golden, Jared F.",undervote,undervote,undervote
8434,"DEM Golden, Jared F.",undervote,undervote,undervote
8436,"DEM Golden, Jared F.","Bond, Tiffany L.","Hoar, William R.S.",undervote
8438,"DEM Golden, Jared F.","Bond, Tiffany L.","Hoar, William R.S.",undervote
8440,"Bond, Tiffany L.","DEM Golden, Jared F.","Hoar, William R.S.",undervote
8446,"Hoar, William R.S.","DEM Golden, Jared F.","Bond, Tiffany L.",undervote
8448,"DEM Golden, Jared F.","Bond, Tiffany L.","Hoar, William R.S.",undervote
8450,"DEM Golden, Jared F.",undervote,undervote,undervote
8452,"DEM Golden, Jared F.","Bond, Tiffany L.","Hoar, William R.S.","REP Poliquin, Bruce"
8454,"REP Poliquin, Bruce","Hoar, William R.S.",undervote,undervote
8456,"DEM Golden, Jared F.",undervote,undervote,undervote
8458,"REP Poliquin, Bruce","Hoar, William R.S.","Bond, Tiffany L.","DEM Golden, Jared F."
8460,"DEM Golden, Jared F.","Hoar, William R.S.","Bond, Tiffany L.",undervote
8462,"DEM Golden, Jared F.","Hoar, William R.S.","Bond, Tiffany L.",undervote
8464,"DEM Golden, Jared F.",undervote,undervote,undervote
8466,"DEM Golden, Jared F.","Bond, Tiffany L.",undervote,undervote
8468,"DEM Golden, Jared F.","Bond, Tiffany L.",undervote,undervote
8470,"DEM Golden, Jared F.",undervote,undervote,undervote
8476,"DEM Golden, Jared F.","Bond, Tiffany L.","Hoar, William R.S.","REP Poliquin, Bruce"
8478,"REP Poliquin, Bruce","Hoar, William R.S.","Bond, Tiffany L.","DEM Golden, Jared F."
8480,"DEM Golden, Jared F.","Hoar, William R.S.","Bond, Tiffany L.",undervote
8482,"Bond, Tiffany L.","DEM Golden, Jared F.","Hoar, William R.S.",undervote
8484,"DEM Golden, Jared F.",undervote,undervote,undervote
8488,"DEM Golden, Jared F.","Bond, Tiffany L.","Hoar, William R.S.","REP Poliquin, Bruce"
8490,"DEM Golden, Jared F.","Bond, Tiffany L.","Hoar, William R.S.",undervote
8492,"DEM Golden, Jared F.","Bond, Tiffany L.","Hoar, William R.S.",undervote
8496,"DEM Golden, Jared F.","Hoar, William R.S.",undervote,undervote
8498,"REP Poliquin, Bruce",undervote,undervote,undervote
8500,"DEM Golden, Jared F.","Bond, Tiffany L.","Hoar, William R.S.",undervote
8502,"DEM Golden, Jared F.","Bond, Tiffany L.","REP Poliquin, Bruce",undervote
8506,"DEM Golden, Jared F.","Bond, Tiffany L.","Hoar, William R.S.",undervote
8508,"Bond, Tiffany L.","Hoar, William R.S.",undervote,undervote
8510,"DEM Golden, Jared F.","Bond, Tiffany L.","Hoar, William R.S.",undervote
8512,"DEM Golden, Jared F.","Hoar, William R.S.",undervote,undervote
8514,"DEM Golden, Jared F.",undervote,undervote,undervote
8516,"DEM Golden, Jared F.",undervote,undervote,undervote
8518,"DEM Golden, Jared F.","Bond, Tiffany L.",undervote,undervote
8522,"DEM Golden, Jared F.",undervote,undervote,undervote
8526,"DEM Golden, Jared F.",undervote,undervote,undervote
8528,"DEM Golden, Jared F.","Bond, Tiffany L.",undervote,undervote
8530,"DEM Golden, Jared F.","Bond, Tiffany L.",undervote,undervote
8536,"DEM Golden, Jared F.","Hoar, William R.S.","Bond, Tiffany L.","REP Poliquin, Bruce"
8538,"DEM Golden, Jared F.","Bond, Tiffany L.","Hoar, William R.S.",undervote
8540,"DEM Golden, Jared F.","Bond, Tiffany L.",undervote,undervote
8542,"DEM Golden, Jared F.",undervote,undervote,undervote
8544,"DEM Golden, Jared F.",undervote,undervote,undervote
8546,"DEM Golden, Jared F.",undervote,undervote,undervote
8548,"DEM Golden, Jared F.","Bond, Tiffany L.","REP Poliquin, Bruce","Hoar, William R.S."
8550,"DEM Golden, Jared F.","Bond, Tiffany L.","Hoar, William R.S.",undervote
8554,"DEM Golden, Jared F.","Hoar, William R.S.",undervote,undervote
8556,"DEM Golden, Jared F.","Bond, Tiffany L.",undervote,undervote
8558,"Bond, Tiffany L.","DEM Golden, Jared F.",undervote,undervote
8564,"DEM Golden, Jared F.","Hoar, William R.S.","Bond, Tiffany L.",undervote
8568,"DEM Golden, Jared F.",undervote,undervote,undervote
8570,"DEM Golden, Jared F.","Bond, Tiffany L.","Hoar, William R.S.",undervote
8572,"DEM Golden, Jared F.","Bond, Tiffany L.",undervote,undervote
8574,"DEM Golden, Jared F.","Bond, Tiffany L.","Hoar, William R.S.",undervote
8576,"Bond, Tiffany L.","DEM Golden, Jared F.","REP Poliquin, Bruce",undervote
8578,"DEM Golden, Jared F.",undervote,undervote,undervote
8580,"DEM Golden, Jared F.","Bond, Tiffany L.","Hoar, William R.S.",undervote
8582,"DEM Golden, Jared F.",undervote,undervote,undervote
8584,"DEM Golden, Jared F.","Bond, Tiffany L.",undervote,undervote
8586,"DEM Golden, Jared F.","Bond, Tiffany L.",undervote,undervote
8588,"REP Poliquin, Bruce","Hoar, William R.S.","DEM Golden, Jared F.","Bond, Tiffany L."
8590,"DEM Golden, Jared F.",undervote,undervote,undervote
8592,"DEM Golden, Jared F.",undervote,undervote,undervote
8594,"DEM Golden, Jared F.","Bond, Tiffany L.","Hoar, William R.S.","REP Poliquin, Bruce"
8596,"Bond, Tiffany L.","DEM Golden, Jared F.","Hoar, William R.S.",undervote
8598,"DEM Golden, Jared F.",undervote,undervote,undervote
8600,"REP Poliquin, Bruce",undervote,undervote,undervote
8602,"DEM Golden, Jared F.","Bond, Tiffany L.","Hoar, William R.S.",undervote
8606,"DEM Golden, Jared F.","Hoar, William R.S.","Bond, Tiffany L.",undervote
8608,"DEM Golden, Jared F.",undervote,undervote,undervote
8612,"DEM Golden, Jared F.",undervote,undervote,undervote
8614,"DEM Golden, Jared F.","Bond, Tiffany L.","Hoar, William R.S.",undervote
8618,"DEM Golden, Jared F.",undervote,undervote,undervote
8624,"REP Poliquin, Bruce",undervote,undervote,undervote
8626,"DEM Golden, Jared F.","Bond, Tiffany L.","Hoar, William R.S.",undervote
8628,"DEM Golden, Jared F.","Bond, Tiffany L.","Hoar, William R.S.",undervote
8630,"DEM Golden, Jared F.","Bond, Tiffany L.","Hoar, William R.S.",undervote
8632,"DEM Golden, Jared F.","Hoar, William R.S.","Bond, Tiffany L.","REP Poliquin, Bruce"
8634,"DEM Golden, Jared F.","Bond, Tiffany L.","Hoar, William R.S.",undervote
8636,"DEM Golden, Jared F.","Bond, Tiffany L.","Hoar, William R.S.","REP Poliquin, Bruce"
8638,"DEM Golden, Jared F.","Hoar, William R.S.","Bond, Tiffany L.",undervote
8640,"DEM Golden, Jared F.","Bond, Tiffany L.","Hoar, William R.S.","REP Poliquin, Bruce"
8642,"DEM Golden, Jared F.",undervote,undervote,undervote
8646,"DEM Golden, Jared F.","Bond, Tiffany L.","Hoar, William R.S.","REP Poliquin, Bruce"
8648,"DEM Golden, Jared F.","Bond, Tiffany L.","Hoar, William R.S.",undervote
8650,"DEM Golden, Jared F.","Hoar, William R.S.","Bond, Tiffany L.",undervote
8652,"DEM Golden, Jared F.",undervote,undervote,undervote
8654,"DEM Golden, Jared F.","Hoar, William R.S.","Bond, Tiffany L.",undervote
8656,"DEM Golden, Jared F.","Bond, Tiffany L.",undervote,undervote
8662,"DEM Golden, Jared F.",undervote,undervote,undervote
8664,"DEM Golden, Jared F.","Bond, Tiffany L.","Hoar, William R.S.",undervote
8668,"DEM Golden, Jared F.",undervote,undervote,undervote
8672,"DEM Golden, Jared F.","Bond, Tiffany L.","Hoar, William R.S.","REP Poliquin, Bruce"
8674,"REP Poliquin, Bruce","Hoar, William R.S.","DEM Golden, Jared F.","Bond, Tiffany L."
8678,"DEM Golden, Jared F.","Bond, Tiffany L.",undervote,undervote
8680,"DEM Golden, Jared F.","Hoar, William R.S.","Bond, Tiffany L.","REP Poliquin, Bruce"
8682,"DEM Golden, Jared F.","Hoar, William R.S.","Bond, Tiffany L.",undervote
8684,"DEM Golden, Jared F.",undervote,undervote,undervote
8686,"DEM Golden, Jared F.","Bond, Tiffany L.","Hoar, William R.S.",undervote
8688,"REP Poliquin, Bruce","Hoar, William R.S.","Bond, Tiffany L.","DEM Golden, Jared F."
8690,"DEM Golden, Jared F.","REP Poliquin, Bruce","Bond, Tiffany L.","Hoar, William R.S."
8692,"DEM Golden, Jared F.",undervote,undervote,undervote
8694,"DEM Golden, Jared F.","Hoar, William R.S.","Bond, Tiffany L.",undervote
8696,"DEM Golden, Jared F.","Bond, Tiffany L.",undervote,undervote
8698,"REP Poliquin, Bruce",undervote,undervote,undervote
8700,"Bond, Tiffany L.","DEM Golden, Jared F.","Hoar, William R.S.",undervote
8704,"DEM Golden, Jared F.","Bond, Tiffany L.","Hoar, William R.S.","REP Poliquin, Bruce"
8706,"DEM Golden, Jared F.","Bond, Tiffany L.","Hoar, William R.S.",undervote
8710,"REP Poliquin, Bruce",undervote,undervote,undervote
8712,"REP Poliquin, Bruce",undervote,undervote,undervote
8714,"REP Poliquin, Bruce",undervote,undervote,undervote
8716,"DEM Golden, Jared F.","Bond, Tiffany L.","Hoar, William R.S.","REP Poliquin, Bruce"
8718,"REP Poliquin, Bruce",undervote,undervote,undervote
8720,"REP Poliquin, Bruce",undervote,undervote,undervote
8722,"DEM Golden, Jared F.","Hoar, William R.S.","Bond, Tiffany L.","REP Poliquin, Bruce"
8724,"DEM Golden, Jared F.",undervote,undervote,undervote
8726,"DEM Golden, Jared F.","Bond, Tiffany L.","Hoar, William R.S.","REP Poliquin, Bruce"
8728,"DEM Golden, Jared F.","Bond, Tiffany L.",undervote,undervote
8730,"DEM Golden, Jared F.",undervote,undervote,undervote
8732,"DEM Golden, Jared F.",undervote,undervote,undervote
8736,"REP Poliquin, Bruce",undervote,undervote,undervote
8738,"REP Poliquin, Bruce",undervote,undervote,undervote
8740,"DEM Golden, Jared F.","Bond, Tiffany L.","Hoar, William R.S.",undervote
8742,"DEM Golden, Jared F.",undervote,undervote,undervote
8744,"DEM Golden, Jared F.",undervote,undervote,undervote
8746,"DEM Golden, Jared F.","Bond, Tiffany L.","Hoar, William R.S.",undervote
8748,"DEM Golden, Jared F.","Hoar, William R.S.",undervote,undervote
8752,"DEM Golden, Jared F.","Bond, Tiffany L.",undervote,undervote
8754,"REP Poliquin, Bruce",undervote,undervote,undervote
8756,"DEM Golden, Jared F.","Bond, Tiffany L.","Hoar, William R.S.","REP Poliquin, Bruce"
8760,"DEM Golden, Jared F.","Bond, Tiffany L.","Hoar, William R.S.","REP Poliquin, Bruce"
8762,"REP Poliquin, Bruce",undervote,undervote,undervote
8764,"DEM Golden, Jared F.",undervote,undervote,undervote
8766,"DEM Golden, Jared F.",undervote,undervote,undervote
8768,"DEM Golden, Jared F.","Bond, Tiffany L.","Hoar, William R.S.",undervote
8770,"DEM Golden, Jared F.",undervote,undervote,undervote
8772,"REP Poliquin, Bruce",undervote,undervote,undervote
8774,"DEM Golden, Jared F.","Bond, Tiffany L.","Hoar, William R.S.",undervote
8776,"DEM Golden, Jared F.","Bond, Tiffany L.","Hoar, William R.S.",undervote
8778,"REP Poliquin, Bruce",undervote,undervote,undervote
8780,"DEM Golden, Jared F.","Hoar, William R.S.","Bond, Tiffany L.","REP Poliquin, Bruce"
8782,"Bond, Tiffany L.","DEM Golden, Jared F.","Hoar, William R.S.",undervote
8784,"DEM Golden, Jared F.",undervote,undervote,undervote
8786,"DEM Golden, Jared F.","Hoar, William R.S.","Bond, Tiffany L.","REP Poliquin, Bruce"
8790,"DEM Golden, Jared F.",undervote,undervote,undervote
8792,"DEM Golden, Jared F.","Bond, Tiffany L.","Hoar, William R.S.",undervote
8796,"DEM Golden, Jared F.","Bond, Tiffany L.","Hoar, William R.S.",undervote
8800,"DEM Golden, Jared F.",undervote,undervote,undervote
8804,"DEM Golden, Jared F.",undervote,undervote,undervote
8806,"DEM Golden, Jared F.","Hoar, William R.S.",undervote,undervote
8808,"DEM Golden, Jared F.","Bond, Tiffany L.","Hoar, William R.S.","REP Poliquin, Bruce"
8810,"REP Poliquin, Bruce","Hoar, William R.S.","Bond, Tiffany L.","DEM Golden, Jared F."
8812,"REP Poliquin, Bruce",undervote,undervote,undervote
8814,"Bond, Tiffany L.",undervote,undervote,undervote
8816,"DEM Golden, Jared F.","Bond, Tiffany L.",undervote,undervote
8818,"DEM Golden, Jared F.","Hoar, William R.S.","Bond, Tiffany L.","REP Poliquin, Bruce"
8820,"DEM Golden, Jared F.","Bond, Tiffany L.","Hoar, William R.S.",undervote
8822,"DEM Golden, Jared F.","Bond, Tiffany L.","Hoar, William R.S.","REP Poliquin, Bruce"
8824,"DEM Golden, Jared F.","Hoar, William R.S.",undervote,undervote
8826,"DEM Golden, Jared F.","Bond, Tiffany L.","Hoar, William R.S.",undervote
8828,"DEM Golden, Jared F.","Hoar, William R.S.",undervote,undervote
8830,"DEM Golden, Jared F.","Bond, Tiffany L.","Hoar, William R.S.","REP Poliquin, Bruce"
8834,"DEM Golden, Jared F.","Bond, Tiffany L.","Hoar, William R.S.",undervote
8836,"DEM Golden, Jared F.",undervote,undervote,undervote
8838,"DEM Golden, Jared F.",undervote,undervote,undervote
8840,"DEM Golden, Jared F.","Bond, Tiffany L.","Hoar, William R.S.","REP Poliquin, Bruce"
8844,"DEM Golden, Jared F.",undervote,undervote,undervote
8846,"REP Poliquin, Bruce",undervote,undervote,undervote
8848,"REP Poliquin, Bruce",undervote,undervote,undervote
8850,"DEM Golden, Jared F.",undervote,undervote,undervote
8852,"DEM Golden, Jared F.",undervote,undervote,undervote
8854,"DEM Golden, Jared F.","Hoar, William R.S.",undervote,undervote
8856,"REP Poliquin, Bruce",undervote,undervote,undervote
8858,"REP Poliquin, Bruce","DEM Golden, Jared F.",undervote,undervote
8860,"DEM Golden, Jared F.",undervote,undervote,undervote
8866,"DEM Golden, Jared F.",undervote,undervote,undervote
8868,"Hoar, William R.S.","DEM Golden, Jared F.","REP Poliquin, Bruce","Bond, Tiffany L."
8870,"DEM Golden, Jared F.",undervote,undervote,undervote
8872,"DEM Golden, Jared F.","Bond, Tiffany L.","Hoar, William R.S.",undervote
8874,"DEM Golden, Jared F.","Hoar, William R.S.","Bond, Tiffany L.","REP Poliquin, Bruce"
8880,"Hoar, William R.S.","DEM Golden, Jared F.","Bond, Tiffany L.","REP Poliquin, Bruce"
8882,"DEM Golden, Jared F.","Bond, Tiffany L.",undervote,undervote
8884,"Bond, Tiffany L.","DEM Golden, Jared F.",undervote,undervote
8886,"REP Poliquin, Bruce",undervote,undervote,undervote
8890,"DEM Golden, Jared F.",undervote,undervote,undervote
8894,"REP Poliquin, Bruce",undervote,undervote,undervote
8898,"DEM Golden, Jared F.","Hoar, William R.S.","Bond, Tiffany L.",undervote
8900,"DEM Golden, Jared F.","Bond, Tiffany L.",undervote,undervote
8902,"DEM Golden, Jared F.",undervote,undervote,undervote
8904,"REP Poliquin, Bruce",undervote,undervote,undervote
8906,"REP Poliquin, Bruce",undervote,undervote,undervote
8908,"DEM Golden, Jared F.","Bond, Tiffany L.","Hoar, William R.S.","REP Poliquin, Bruce"
8910,"DEM Golden, Jared F.","Hoar, William R.S.","Bond, Tiffany L.","REP Poliquin, Bruce"
8912,"DEM Golden, Jared F.",undervote,undervote,undervote
8914,"REP Poliquin, Bruce",undervote,"Hoar, William R.S.","Bond, Tiffany L."
8916,"DEM Golden, Jared F.","Hoar, William R.S.","Bond, Tiffany L.",undervote
8918,"DEM Golden, Jared F.","Bond, Tiffany L.","Hoar, William R.S.","REP Poliquin, Bruce"
8922,"REP Poliquin, Bruce",undervote,undervote,undervote
8924,"DEM Golden, Jared F.","Bond, Tiffany L.","Hoar, William R.S.","REP Poliquin, Bruce"
8928,"DEM Golden, Jared F.","Bond, Tiffany L.","Hoar, William R.S.",undervote
8930,"DEM Golden, Jared F.","Bond, Tiffany L.",undervote,undervote
8934,"DEM Golden, Jared F.","Hoar, William R.S.","Bond, Tiffany L.",undervote
8936,"REP Poliquin, Bruce",undervote,undervote,undervote
8940,"REP Poliquin, Bruce",undervote,undervote,undervote
8942,"DEM Golden, Jared F.","Bond, Tiffany L.","Hoar, William R.S.",undervote
11960,"DEM Golden, Jared F.","Bond, Tiffany L.","Hoar, William R.S.","REP Poliquin, Bruce"